ds,y_x,y_y,y_final,y,month,weekday,week
2015-01-20,31.231405366991492,51.34261261364448,82.57401798063597,82.57401798063597,1,1,4
2015-01-21,27.080501504667293,46.49860485574812,73.57910636041541,73.57910636041541,1,2,4
2015-01-22,30.306025154163564,47.33489799855319,77.64092315271675,77.64092315271675,1,3,4
2015-01-23,33.14488764333301,48.29394374745491,81.43883139078793,81.43883139078793,1,4,4
2015-01-24,34.41102865890219,52.316494991266104,86.7275236501683,86.7275236501683,1,5,4
2015-01-25,34.37067095402868,52.2347381678113,86.60540912183998,86.60540912183998,1,6,4
2015-01-26,34.656036086000945,53.90548079887374,88.56151688487469,88.56151688487469,1,0,5
2015-01-27,31.652935213803918,51.6070154902721,83.25995070407602,83.25995070407602,1,1,5
2015-01-28,29.848300481326174,48.390008913665106,78.23830939499128,78.23830939499128,1,2,5
2015-01-29,35.23193964580953,50.786353121234846,86.01829276704439,86.01829276704439,1,3,5
2015-01-30,39.99783094461123,53.20432612529967,93.2021570699109,93.2021570699109,1,4,5
2015-05-06,34.786733120787545,57.72208605123771,92.50881917202526,92.50881917202526,5,2,19
2015-09-02,25.268164922840864,60.47642511287959,85.74459003572045,85.74459003572045,9,2,36
2015-09-03,28.33076870543176,60.96422808693633,89.2949967923681,89.2949967923681,9,3,36
2015-09-04,30.658752534163497,61.397467648420644,92.05622018258414,92.05622018258414,9,4,36
2015-09-08,24.06088807140348,60.98059202787826,85.04148009928174,85.04148009928174,9,1,37
2015-09-09,20.38807654280097,56.50144988735814,76.88952643015911,76.88952643015911,9,2,37
2015-09-10,23.75940751865698,57.548972645713356,81.30838016437033,81.30838016437033,9,3,37
2015-09-11,26.42347151476537,58.55982984999436,84.98330136475973,84.98330136475973,9,4,37
2015-09-12,27.21522522855561,62.47424689434858,89.68947212290419,89.68947212290419,9,5,37
2015-09-13,26.43056808424099,62.12911554822096,88.55968363246194,88.55968363246194,9,6,37
2015-09-14,25.739141347286836,63.391007643529065,89.1301489908159,89.1301489908159,9,0,38
2015-09-15,21.570788827277898,60.55271785764859,82.12350668492648,82.12350668492648,9,1,38
2015-09-16,18.461775635775844,56.68369296933331,75.14546860510916,75.14546860510916,9,2,38
2015-09-17,22.455083721157234,58.33829778702349,80.79338150818073,80.79338150818073,9,3,38
2015-09-18,25.80014138125929,59.95028117112667,85.75042255238596,85.75042255238596,9,4,38
2015-09-19,27.330753652430168,64.45686416654243,91.78761781897259,91.78761781897259,9,5,38
2015-09-20,27.33949657983529,64.69175144910307,92.03124802893836,92.03124802893836,9,6,38
2015-09-22,24.205366592583363,64.22476128245057,88.43012787503393,88.43012787503393,9,1,39
2015-09-23,22.010424067332924,60.877106264555565,82.88753033188848,82.88753033188848,9,2,39
2015-09-24,26.9361395353897,63.02481051417057,89.96095004956027,89.96095004956027,9,3,39
2016-08-23,44.09758215762184,44.096645881198164,88.19422803882,88.19422803882,8,1,34
2016-08-24,39.85651962408821,38.79149143035022,78.64801105443843,78.64801105443843,8,2,34
2016-08-25,42.63157442702768,38.91668385343141,81.5482582804591,81.5482582804591,8,3,34
2016-08-26,44.667435718480846,38.91906715595458,83.58650287443542,83.58650287443542,8,4,34
2016-08-27,44.793414712649295,41.74917321794486,86.54258793059415,86.54258793059415,8,5,34
2016-08-28,43.298306126431335,40.25414560577808,83.55245173220942,83.55245173220942,8,6,34
2016-08-29,41.84355593294677,40.31060508680615,82.15416101975292,82.15416101975292,8,0,35
2016-08-30,36.85016312801166,36.22108605491084,73.0712491829225,73.0712491829225,8,1,35
2016-08-31,32.84539769364993,31.064402581367617,63.909800275017545,63.909800275017545,8,2,35
2016-09-01,35.86363664879782,31.403893665836463,67.26753031463429,67.26753031463429,9,3,35
2016-09-02,38.146656513567436,31.681908565262603,69.82856507883004,69.82856507883004,9,4,35
2016-09-03,38.52212875748863,34.843949870538935,73.36607862802757,73.36607862802757,9,5,35
2016-09-04,37.27856010165999,33.73176956563117,71.01032966729116,71.01032966729116,9,6,35
2016-09-05,42.704583066425336,39.06989362969489,81.77447669612022,81.77447669612022,9,0,36
2016-09-06,31.345309811936662,30.59474007549342,61.94004988743008,61.94004988743008,9,1,36
2016-09-07,27.60996897270567,25.94005944853512,53.55002842124079,53.55002842124079,9,2,36
2016-09-08,30.911566892519406,26.810350708924855,57.72191760144426,57.72191760144426,9,3,36
2016-09-09,33.497478396680904,27.642902548960677,61.14038094564158,61.14038094564158,9,4,36
2016-09-10,34.20158235810247,31.37850028058263,65.5800826386851,65.5800826386851,9,5,36
2016-09-11,33.318904537888486,30.85455111170119,64.17345564958967,64.17345564958967,9,6,36
2016-09-12,32.518479229840196,31.93811556024939,64.45659479008958,64.45659479008958,9,0,37
2016-09-13,28.22986632175285,28.922469906521904,57.152336228274756,57.152336228274756,9,1,37
2016-09-14,24.9894179627084,24.877555931356287,49.866973894064685,49.866973894064685,9,2,37
2016-09-15,28.840611488486207,26.358266959939623,55.19887844842583,55.19887844842583,9,3,37
2016-09-16,32.03380401676366,27.798932447709333,59.832736464472994,59.832736464472994,9,4,37
2016-09-17,33.404174170320516,32.137421981540754,65.54159615186127,65.54159615186127,9,5,37
2016-09-18,33.246112896343085,32.208168842452295,65.45428173879537,65.45428173879537,9,6,37
2016-09-19,33.22588764764913,33.87510104098385,67.10098868863298,67.10098868863298,9,0,38
2016-09-20,29.76802603776766,31.428110868930627,61.196136906698285,61.196136906698285,9,1,38
2016-09-21,27.401520856167664,27.933425166827007,55.33494602299467,55.33494602299467,9,2,38
2016-09-22,32.160178685882656,29.941830849778402,62.102009535661054,62.102009535661054,9,3,38
2016-09-23,36.28247077475794,31.88312279647199,68.16559357122993,68.16559357122993,9,4,38
2016-09-24,38.589652331419465,36.69019898248995,75.27985131390942,75.27985131390942,9,5,38
2016-09-25,39.36041030144046,37.19210597319012,76.55251627463058,76.55251627463058,9,6,38
2016-09-26,40.24385933252745,39.2470244725084,79.49088380503585,79.49088380503585,9,0,39
2016-09-27,37.64632490377586,37.138826467385655,74.78515137116152,74.78515137116152,9,1,39
2016-09-28,36.07800593556915,33.92756531176817,70.00557124733731,70.00557124733731,9,2,39
2016-09-29,41.553827347235455,36.15785107058951,77.71167841782497,77.71167841782497,9,3,39
2016-09-30,46.29382753552388,38.25347467261044,84.54730220813431,84.54730220813431,9,4,39
2016-10-01,49.10183173173754,43.14170094265926,92.2435326743968,92.2435326743968,10,5,39
2016-10-04,48.81193403749066,43.34845923716601,92.16039327465667,92.16039327465667,10,1,40
2016-10-05,47.14163385459298,39.88431305959822,87.0259469141912,87.0259469141912,10,2,40
2016-10-19,49.51091130997368,37.93862212919388,87.44953343916757,87.44953343916757,10,2,42
2016-10-20,52.33637147950016,38.34178114745952,90.67815262695967,90.67815262695967,10,3,42
2016-10-21,54.32776950085206,38.58782531454682,92.91559481539888,92.91559481539888,10,4,42
2016-10-23,52.708262831281424,40.35030357497398,93.05856640625541,93.05856640625541,10,6,42
2016-10-24,51.112957349262615,40.61526047161272,91.72821782087533,91.72821782087533,10,0,43
2016-10-25,46.012857419551324,36.748722601165774,82.7615800207171,82.7615800207171,10,1,43
2016-10-26,41.967124867468996,31.843416341096727,73.81054120856572,73.81054120856572,10,2,43
2016-10-27,45.03982663888395,32.476388637532565,77.51621527641652,77.51621527641652,10,3,43
2016-10-28,47.499214992410806,33.102997040846375,80.60221203325719,80.60221203325719,10,4,43
2016-10-29,48.19527897070241,36.680552751892364,84.87583172259477,84.87583172259477,10,5,43
2016-10-30,47.43383942831833,36.06092833731339,83.49476776563172,83.49476776563172,10,6,43
2016-10-31,46.88901952559507,37.123128306789525,84.01214783238458,84.01214783238458,10,0,44
2016-11-01,42.98954156128585,34.16946237127249,77.15900393255833,77.15900393255833,11,1,44
2016-11-02,40.26495376774328,30.27569061310222,70.54064438084549,70.54064438084549,11,2,44
2016-11-03,44.74610797416822,31.99910021152256,76.74520818569079,76.74520818569079,11,3,44
2016-11-04,48.66524241177537,33.77288386447041,82.43812627624578,82.43812627624578,11,4,44
2016-11-05,50.834428535419285,38.53024568189389,89.36467421731317,89.36467421731317,11,5,44
2016-11-06,51.520631906826765,39.0975364026895,90.61816830951626,90.61816830951626,11,6,44
2016-11-08,49.741162213847915,39.49558758956057,89.23674980340849,89.23674980340849,11,1,45
2016-11-09,48.16053571799675,36.65170343785283,84.81223915584958,84.81223915584958,11,2,45
2016-11-10,53.615734363553884,39.32797533100448,92.94370969455836,92.94370969455836,11,3,45
2016-12-07,45.12375346413934,40.240949110322894,85.36470257446223,85.36470257446223,12,2,49
2016-12-08,49.197634179362296,40.86758172017137,90.06521589953367,90.06521589953367,12,3,49
2016-12-14,53.616783564407996,39.6761511118445,93.29293467625249,93.29293467625249,12,2,50
2017-01-17,48.49072822433734,40.01711181765483,88.50784004199217,88.50784004199217,1,1,3
2017-01-18,43.40426599717341,34.41741683394153,77.82168283111494,77.82168283111494,1,2,3
2017-01-19,45.66767535255426,34.45753818596616,80.12521353852043,80.12521353852043,1,3,3
2017-01-20,47.53995896128775,34.59349814820059,82.13345710948835,82.13345710948835,1,4,3
2017-01-21,47.85679008877974,37.78009072938082,85.63688081816056,85.63688081816056,1,5,3
2017-01-22,46.905240195818706,36.86366658923183,83.76890678505055,83.76890678505055,1,6,3
2017-01-23,46.336995654923996,37.71497290218029,84.05196855710429,84.05196855710429,1,0,4
2017-01-24,42.55549011853028,34.625678328729656,77.18116844725994,77.18116844725994,1,1,4
2017-01-25,40.06302942410482,30.658940193531024,70.72196961763584,70.72196961763584,1,2,4
2017-01-26,44.862201616845574,32.35795929795539,77.22016091480097,77.22016091480097,1,3,4
2017-01-27,49.15689731413414,34.140876659903014,83.29777397403716,83.29777397403716,1,4,4
2017-01-28,51.73167038873848,38.92542097541331,90.6570913641518,90.6570913641518,1,5,4
2017-01-29,52.827661140614225,39.5225910711009,92.35025221171512,92.35025221171512,1,6,4
2017-01-31,51.79008939367999,40.069404872373504,91.8594942660535,91.8594942660535,1,1,5
2017-02-01,50.50492187278448,37.31897337578855,87.82389524857302,87.82389524857302,2,2,5
2017-04-26,50.96300799851218,37.82006143411514,88.78306943262731,88.78306943262731,4,2,17
2017-04-27,54.42611289922174,38.55276660860841,92.97887950783016,92.97887950783016,4,3,17
2017-05-02,51.676028833119766,39.267252178277595,90.94328101139736,90.94328101139736,5,1,18
2017-05-03,48.26015563475039,34.852121668020715,83.1122773027711,83.1122773027711,5,2,18
2017-05-04,51.88815732877933,35.95105348375474,87.83921081253408,87.83921081253408,5,3,18
2017-05-05,54.81326079334231,37.006110242476836,91.81937103581915,91.81937103581915,5,4,18
2017-05-09,51.08122789087185,39.185787540716404,90.26701543158825,90.26701543158825,5,1,19
2017-05-10,48.262773212787515,35.376775568228425,83.63954878101595,83.63954878101595,5,2,19
2017-05-11,52.54051420105354,37.09630689879394,89.63682109984748,89.63682109984748,5,3,19
2017-05-17,53.14727478920625,39.886545293364705,93.03382008257095,93.03382008257095,5,2,20
2017-07-04,53.62452118113902,37.686498574931974,91.311019756071,91.311019756071,7,1,27
2017-08-23,47.64165133860453,45.05692877408808,92.69858011269261,92.69858011269261,8,2,34
2017-08-29,44.37883766747325,43.42914634590534,87.80798401337859,87.80798401337859,8,1,35
2017-08-30,40.32816831772634,38.388646989226984,78.71681530695332,78.71681530695332,8,2,35
2017-08-31,43.30066274460361,38.83503822897802,82.13570097358163,82.13570097358163,8,3,35
2017-09-01,45.53792334759011,39.21172167805749,84.7496450256476,84.7496450256476,9,4,35
2017-09-02,45.86718543445756,42.465256919330784,88.33244235378834,88.33244235378834,9,5,35
2017-09-03,44.57627453436548,41.438431603025776,86.01470613739126,86.01470613739126,9,6,35
2017-09-05,38.54117329671132,38.457606247313095,76.99877954402442,76.99877954402442,9,1,36
2017-09-06,34.749041282533604,33.87556963428645,68.62461091682005,68.62461091682005,9,2,36
2017-09-07,37.988254845625704,34.81593855386719,72.8041933994929,72.8041933994929,9,3,36
2017-09-08,40.50489578303386,35.716709630986756,76.22160541402062,76.22160541402062,9,4,36
2017-09-09,41.13160337683047,39.519303996784856,80.65090737361533,80.65090737361533,9,5,36
2017-09-10,40.16228478871751,39.061702338557275,79.22398712727478,79.22398712727478,9,6,36
2017-09-11,39.26504355798245,40.21149017017801,79.47653372816046,79.47653372816046,9,0,37
2017-09-12,34.8687603630118,37.26243735921706,72.13119772222886,72.13119772222886,9,1,37
2017-09-13,31.509417809864992,33.284967151827985,64.79438496169297,64.79438496169297,9,2,37
2017-09-14,35.23048358276223,34.83446260494517,70.0649461877074,70.0649461877074,9,3,37
2017-09-15,38.28270523951841,36.34577149111225,74.62847673063067,74.62847673063067,9,4,37
2017-09-16,39.502080244015424,40.75732936079673,80.25940960481216,80.25940960481216,9,5,37
2017-09-17,39.184261670601444,40.90419975081571,80.08846142141715,80.08846142141715,9,6,37
2017-09-18,38.997222703759434,42.65101836670769,81.64824107046712,81.64824107046712,9,0,38
2017-09-19,35.36762534327892,40.288471319350805,75.65609666262972,75.65609666262972,9,1,38
2017-09-20,32.82699497476758,36.883668810165,69.71066378493258,69.71066378493258,9,2,38
2017-09-21,37.40735929765759,39.10237305546474,76.50973235312233,76.50973235312233,9,3,38
2017-09-22,41.355031140121966,41.26142287295427,82.61645401307624,82.61645401307624,9,4,38
2017-09-23,43.49466239139085,46.294828255768095,89.78949064715894,89.78949064715894,9,5,38
2017-09-24,44.1084710513403,47.032789575201576,91.14126062654188,91.14126062654188,9,6,38
2017-09-26,42.126515176967686,47.48544889257188,89.61196406953957,89.61196406953957,9,1,39
2017-09-27,40.454131855272905,44.54631706337222,85.00044891864513,85.00044891864513,9,2,39
2017-09-28,45.84999333071566,47.06286953250539,92.91286286322105,92.91286286322105,9,3,39
2018-07-04,49.28975882792806,28.666554446611638,77.9563132745397,77.9563132745397,7,2,27
2018-08-21,51.4928244453602,40.71168560824944,92.20451005360964,92.20451005360964,8,1,34
2018-08-22,47.18622131436908,35.56570599125528,82.75192730562435,82.75192730562435,8,2,34
2018-08-23,49.88403173655915,35.82246375777107,85.70649549433023,85.70649549433023,8,3,34
2018-08-24,51.833430072160965,35.92878061790941,87.76221069007038,87.76221069007038,8,4,34
2018-08-25,51.86610245323266,38.83563268982854,90.7017351430612,90.7017351430612,8,5,34
2018-08-26,50.273005108736534,37.39102839088439,87.66403349962093,87.66403349962093,8,6,34
2018-08-27,48.71743813086376,37.472819276748226,86.190257407612,86.190257407612,8,0,35
2018-08-28,43.621866028654495,33.38507538578069,77.00694141443518,77.00694141443518,8,1,35
2018-08-29,39.51457050009064,28.208386292731703,67.72295679282234,67.72295679282234,8,2,35
2018-08-30,42.43044004265028,28.508039986516817,70.9384800291671,70.9384800291671,8,3,35
2018-08-31,44.61123683876747,28.728442949300497,73.33967978806797,73.33967978806797,8,4,35
2018-09-01,44.88408889368188,31.81720147763273,76.7012903713146,76.7012903713146,9,5,35
2018-09-02,43.53644993828513,30.618161639572545,74.15461157785768,74.15461157785768,9,6,35
2018-09-03,48.85543232974764,35.857885300908194,84.71331763065584,84.71331763065584,9,0,36
2018-09-04,37.38422502633104,27.27472863555531,64.65895366188634,64.65895366188634,9,1,36
2018-09-05,33.52981457027695,22.504253264199157,56.034067834476105,56.034067834476105,9,2,36
2018-09-06,36.70743089693889,23.252623449936312,59.9600543468752,59.9600543468752,9,3,36
2018-09-07,39.15720523497933,23.95864048880165,63.11584572378098,63.11584572378098,9,4,36
2018-09-08,39.71048088621295,27.56445245313478,67.27493333934773,67.27493333934773,9,5,36
2018-09-09,38.65990575505997,26.90869313761944,65.5685988926794,65.5685988926794,9,6,36
2018-09-10,37.6724281968713,27.859535967378,65.5319641642493,65.5319641642493,9,0,37
2018-09-11,33.175945037284194,24.711286435503613,57.8872314727878,57.8872314727878,9,1,37
2018-09-12,29.70569107916674,20.53486748754252,50.24055856670926,50.24055856670926,9,2,37
2018-09-13,33.30468199194469,21.88614478816816,55.19082678011285,55.19082678011285,9,3,37
2018-09-14,36.22356151449449,23.20045184710752,59.42401336160201,59.42401336160201,9,4,37
2018-09-15,37.2986143804339,27.416733529310456,64.71534790974435,64.71534790974435,9,5,37
2018-09-16,36.8262034624067,27.370605749431085,64.19680921183779,64.19680921183779,9,6,37
2018-09-17,36.47545263612544,28.927317009001925,65.40276964512736,65.40276964512736,9,0,38
2018-09-18,32.67461952944696,26.37824075049304,59.05286027993999,59.05286027993999,9,1,38
2018-09-19,29.957259000250957,22.791258925184632,52.74851792543559,52.74851792543559,9,2,38
2018-09-20,34.36249950854936,24.718989858590113,59.081489367139476,59.081489367139476,9,3,38
2018-09-21,38.13479195328472,26.593226468185517,64.72801842147024,64.72801842147024,9,4,38
2018-09-22,40.10189906085061,31.34900912460489,71.4509081854555,71.4509081854555,9,5,38
2018-09-23,40.549388263302944,31.817636179455395,72.36702444275834,72.36702444275834,9,6,38
2018-09-24,41.13345156033435,33.85960228018362,74.99305384051797,74.99305384051797,9,0,39
2018-09-25,38.2674959380443,31.761096955197754,70.02859289324205,70.02859289324205,9,1,39
2018-09-26,36.46860195062464,28.584426258975423,65.05302820960006,65.05302820960006,9,2,39
2018-09-27,41.7581667700961,30.876311712164807,72.6344784822609,72.6344784822609,9,3,39
2018-09-28,46.362082897765795,33.06243241632829,79.4245153140941,79.4245153140941,9,4,39
2018-09-29,49.08920991892825,38.071633095055006,87.16084301398325,87.16084301398325,9,5,39
2018-09-30,50.20638946970221,38.72909818805033,88.93548765775253,88.93548765775253,9,6,39
2018-10-01,51.351812414685284,40.889477922603696,92.24129033728897,92.24129033728897,10,0,40
2018-10-02,48.922165985235495,38.833593453210334,87.75575943844584,87.75575943844584,10,1,40
2018-10-03,47.419641784383415,35.619077418835566,83.03871920321899,83.03871920321899,10,2,40
2018-10-04,52.853103875040624,37.78889685363083,90.64200072867146,90.64200072867146,10,3,40
2018-10-23,52.59459969274472,38.25388607193811,90.84848576468283,90.84848576468283,10,1,43
2018-10-24,48.34686895142182,33.283602660068446,81.63047161149026,81.63047161149026,10,2,43
2018-10-25,51.139707054457546,33.797262605830355,84.9369696602879,84.9369696602879,10,3,43
2018-10-26,53.247476660595524,34.25310692866824,87.50058358926375,87.50058358926375,10,4,43
2018-10-27,53.528226236696895,37.612613043842266,91.14083928053915,91.14083928053915,10,5,43
2018-10-28,52.29761534282161,36.73304772516123,89.03066306798283,89.03066306798283,10,6,43
2018-10-29,51.2411637244684,37.49994938561403,88.74111311008244,88.74111311008244,10,0,44
2018-10-30,46.80027991177314,34.223180661153464,81.02346057292661,81.02346057292661,10,1,44
2018-10-31,43.518179178564225,29.986922628707582,73.50510180727181,73.50510180727181,10,2,44
2018-11-01,47.440019251104104,31.35757330281963,78.79759255392374,78.79759255392374,11,3,44
2018-11-02,50.81261659842995,32.77792439591263,83.59054099434258,83.59054099434258,11,4,44
2018-11-03,52.462511592668804,37.19104671962465,89.65355831229346,89.65355831229346,11,5,44
2018-11-04,52.670642608591166,37.429169009633355,90.09981161822452,90.09981161822452,11,6,44
2018-11-05,53.085446708266744,39.35865387760609,92.44410058587283,92.44410058587283,11,0,45
2018-11-06,50.10982178160074,37.26447996293609,87.37430174453684,87.37430174453684,11,1,45
2018-11-07,48.248036500214354,34.20481396796506,82.4528504681794,82.4528504681794,11,2,45
2018-11-08,53.506890849550075,36.719510797764464,90.22640164731453,90.22640164731453,11,3,45
2019-01-22,45.52481921137854,42.15485580227907,87.67967501365762,87.67967501365762,1,1,4
2019-01-23,42.133909591236716,37.661919074114685,79.7958286653514,79.7958286653514,1,2,4
2019-01-24,46.101283656874415,38.85674967532732,84.95803333220174,84.95803333220174,1,3,4
2019-01-25,49.64737727574712,40.170460803673144,89.81783807942026,89.81783807942026,1,4,4
2019-01-30,48.894162934145925,41.61695093902356,90.51111387316948,90.51111387316948,1,2,5
2019-05-01,50.80218990199679,37.0262436054915,87.82843350748828,87.82843350748828,5,2,18
2019-05-02,54.2988745153805,37.85956226458238,92.15843677996287,92.15843677996287,5,3,18
2019-05-07,52.433870445308045,39.56439960445189,91.99827004975994,91.99827004975994,5,1,19
2019-05-08,49.34448941236671,35.431658234142816,84.77614764650953,84.77614764650953,5,2,19
2019-05-09,53.34228995975751,36.831274375800774,90.17356433555828,90.17356433555828,5,3,19
2019-05-15,52.41010483867569,38.043873698638066,90.45397853731376,90.45397853731376,5,2,20
2019-07-04,55.297236655979205,30.053364546882083,85.35060120286128,85.35060120286128,7,3,27
2019-08-21,50.904364534882745,38.3178319752581,89.22219651014085,89.22219651014085,8,2,34
2019-08-22,53.58150735093753,38.61858981422004,92.20009716515756,92.20009716515756,8,3,34
2019-08-26,52.27521083901632,40.30749323608794,92.58270407510426,92.58270407510426,8,0,35
2019-08-27,47.13643959929091,36.195673803856664,83.33211340314757,83.33211340314757,8,1,35
2019-08-28,42.98467312675601,30.98242242978895,73.96709555654496,73.96709555654496,8,2,35
2019-08-29,45.855512130781364,31.233818159147315,77.08933028992868,77.08933028992868,8,3,35
2019-08-30,47.9911987913337,31.395174425494503,79.3863732168282,79.3863732168282,8,4,35
2019-08-31,48.21908672982515,34.415086942816814,82.63417367264196,82.63417367264196,8,5,35
2019-09-01,46.82658935370311,33.1384409617437,79.96503031544681,79.96503031544681,9,6,35
2019-09-02,52.10051247038835,38.292856505360454,90.39336897574881,90.39336897574881,9,0,36
2019-09-03,40.58348352238363,29.617739070706325,70.20122259308995,70.20122259308995,9,1,36
2019-09-04,36.681695247923436,24.7496668620561,61.43136210997953,61.43136210997953,9,2,36
2019-09-05,39.80470211444383,25.395768899792415,65.20047101423624,65.20047101423624,9,3,36
2019-09-06,42.19617051884825,25.995744814408205,68.19191533325645,68.19191533325645,9,4,36
2019-09-07,42.68619289864942,29.49256652684949,72.17875942549891,72.17875942549891,9,5,36
2019-09-08,41.56612230362768,28.725614016371708,70.29173631999939,70.29173631999939,9,6,36
2019-09-09,40.501632386480466,29.56373164668854,70.065364033169,70.065364033169,9,0,37
2019-09-10,35.9194324200019,26.301828064956325,62.22126048495822,62.22126048495822,9,1,37
2019-09-11,32.353724312914295,22.01137349909643,54.365097812010724,54.365097812010724,9,2,37
2019-09-12,35.84671108288423,23.24874060776498,59.095451690649206,59.095451690649206,9,3,37
2019-09-13,38.64850526842963,24.449747920359897,63.09825318878953,63.09825318878953,9,4,37
2019-09-14,39.59519630711591,28.553823328268596,68.1490196353845,68.1490196353845,9,5,37
2019-09-15,38.98333314389886,28.397084281618692,67.38041742551755,67.38041742551755,9,6,37
2019-09-16,38.48264156384996,29.845319164138004,68.32796072798797,68.32796072798797,9,0,38
2019-09-17,34.522418706902016,27.190497641744404,61.71291634864642,61.71291634864642,9,1,38
2019-09-18,31.637704263802526,23.501169255699402,55.13887351950193,55.13887351950193,9,2,38
2019-09-19,35.86954959115601,25.330702315434078,61.20025190659008,61.20025190659008,9,3,38
2019-09-20,39.46474384841526,27.111728256713537,66.5764721051288,66.5764721051288,9,4,38
2019-09-21,41.25376526439139,31.780215044634197,73.0339803090256,73.0339803090256,9,5,38
2019-09-22,41.52522099359855,32.168472141890895,73.69369313548944,73.69369313548944,9,6,38
2019-09-23,41.93860007979514,34.13807689482342,76.07667697461855,76.07667697461855,9,0,39
2019-09-24,38.91078460552359,31.9763548043615,70.8871394098851,70.8871394098851,9,1,39
2019-09-25,36.96241858977696,28.74677671654236,65.70919530631932,65.70919530631932,9,2,39
2019-09-26,42.118453296434105,30.997227672810777,73.11568096924488,73.11568096924488,9,3,39
2019-09-27,46.608222845066706,33.15451405707991,79.76273690214661,79.76273690214661,9,4,39
2019-09-28,49.24381046945431,38.14853278099476,87.39234325044907,87.39234325044907,9,5,39
2019-09-29,50.29495873897689,38.805403830496076,89.10036256947296,89.10036256947296,9,6,39
2019-09-30,51.402335978013554,40.980553465557016,92.38288944357058,92.38288944357058,9,0,40
2019-10-01,48.96458986337717,38.95537666124256,87.91996652461972,87.91996652461972,10,1,40
2019-10-02,47.485272229927794,35.787836718911805,83.27310894883959,83.27310894883959,10,2,40
2019-10-03,52.97393722192815,38.020950593720904,90.99488781564907,90.99488781564907,10,3,40
2019-10-23,51.747468890167326,35.573986374661544,87.32145526482887,87.32145526482887,10,2,43
2019-10-24,54.47402898986824,36.03200090922432,90.50602989909257,90.50602989909257,10,3,43
2019-10-25,56.4745515772578,36.40417826267067,92.87872983992847,92.87872983992847,10,4,43
2019-10-28,53.92738993909645,39.24385696235345,93.1712469014499,93.1712469014499,10,0,44
2019-10-29,49.246976859440935,35.786508075645386,85.03348493508632,85.03348493508632,10,1,44
2019-10-30,45.70475395095612,31.35233822686921,77.05709217782533,77.05709217782533,10,2,44
2019-10-31,49.35232296985754,32.51159573826467,81.86391870812221,81.86391870812221,10,3,44
2019-11-01,52.44341743098228,33.711348877078606,86.15476630806089,86.15476630806089,11,4,44
2019-11-02,53.81179415933891,37.89928017742046,91.71107433675937,91.71107433675937,11,5,44
2019-11-03,53.74572198823314,37.91648498603091,91.66220697426405,91.66220697426405,11,6,44
2019-11-05,50.687175389602665,37.33057752538609,88.01775291498876,88.01775291498876,11,1,45
2019-11-06,48.61536214624209,34.08042657605466,82.69578872229675,82.69578872229675,11,2,45
2019-11-07,53.69811918356001,36.424277536822885,90.1223967203829,90.1223967203829,11,3,45
2020-01-21,48.04171124818299,44.14585001985768,92.18756126804067,92.18756126804067,1,1,4
2020-01-22,44.16945149334367,39.344887756888255,83.51433925023193,83.51433925023193,1,2,4
2020-01-23,47.67081135213989,40.2296959556638,87.9005073078037,87.9005073078037,1,3,4
2020-01-24,50.77629333904958,41.23845367554895,92.01474701459853,92.01474701459853,1,4,4
2020-01-29,48.483242134255775,41.459169591114545,89.94241172537032,89.94241172537032,1,2,5
2020-04-29,52.939820771083696,38.890327594999874,91.83014836608356,91.83014836608356,4,2,18
2020-05-06,50.95820959980595,36.63992534323768,87.59813494304362,87.59813494304362,5,2,19
2020-05-07,54.832336766381005,37.92405309171292,92.75638985809393,92.75638985809393,5,3,19
2020-05-13,53.113203954573336,38.52344018457892,91.63664413915225,91.63664413915225,5,2,20
2020-08-25,50.111129272749935,38.75980872598001,88.87093799872994,88.87093799872994,8,1,35
2020-08-26,45.91697901607566,33.52973288068537,79.44671189676103,79.44671189676103,8,2,35
2020-08-27,48.74395162150162,33.75164162934017,82.4955932508418,82.4955932508418,8,3,35
2020-08-28,50.83505492021152,33.87160529822943,84.70666021844096,84.70666021844096,8,4,35
2020-08-29,51.0181830574528,36.83910071420486,87.85728377165766,87.85728377165766,8,5,35
2020-08-30,49.58104016437687,35.49998504387659,85.08102520825346,85.08102520825346,8,6,35
2020-08-31,48.184356896553666,35.72941396352137,83.91377086007503,83.91377086007503,8,0,36
2020-09-01,43.248825464448394,31.82833133025401,75.0771567947024,75.0771567947024,9,1,36
2020-09-02,39.30183378110272,26.873887081870894,66.17572086297362,66.17572086297362,9,2,36
2020-09-03,42.37829963627824,27.427731073809337,69.80603071008758,69.80603071008758,9,3,36
2020-09-04,44.72094286537707,27.93054204995606,72.65148491533313,72.65148491533313,9,4,36
2020-09-05,45.15874237260543,31.32620798034722,76.48495035295265,76.48495035295265,9,5,36
2020-09-06,43.98182081824348,30.454951856336095,74.43677267457957,74.43677267457957,9,6,36
2020-09-07,49.48066393379854,36.03987769117749,85.52054162497603,85.52054162497603,9,0,37
2020-09-08,38.20238967809697,27.816101165198297,66.01849084329527,66.01849084329527,9,1,37
2020-09-09,34.55828963414456,23.41619385743687,57.974483491581424,57.974483491581424,9,2,37
2020-09-10,37.96338720680734,24.54359427570631,62.50698148251365,62.50698148251365,9,3,37
2020-09-11,40.666921271537966,25.634636387890872,66.30155765942884,66.30155765942884,9,4,37
2020-09-12,41.50437429420731,29.629236771379524,71.13361106558683,71.13361106558683,9,5,37
2020-09-13,40.772011297978956,29.363994479218636,70.1360057771976,70.1360057771976,9,6,37
2020-09-14,40.13964510547952,30.705192897238952,70.84483800271846,70.84483800271846,9,0,38
2020-09-15,36.03706824399076,27.94533020807247,63.98239845206323,63.98239845206323,9,1,38
2020-09-16,33.000249224160434,24.153536548049264,57.1537857722097,57.1537857722097,9,2,38
2020-09-17,37.07161298895698,25.883828768527486,62.955441757484465,62.955441757484465,9,3,38
2020-09-18,40.499763599922595,27.569566910504243,68.06933051042684,68.06933051042684,9,4,38
2020-09-19,42.117416681946764,32.14753504398273,74.26495172592949,74.26495172592949,9,5,38
2020-09-20,42.21580498393274,32.45094823349783,74.66675321743057,74.66675321743057,9,6,38
2020-09-21,42.45738196886942,34.34237492457622,76.79975689344565,76.79975689344565,9,0,39
2020-09-22,39.2622694113123,32.11020688977355,71.37247630108585,71.37247630108585,9,1,39
2020-09-23,37.15454995208429,28.8190396886714,65.97358964075569,65.97358964075569,9,2,39
2020-09-24,42.16272511999455,31.0179185613457,73.18064368134024,73.18064368134024,9,3,39
2020-09-25,46.519694974944066,33.13481683309757,79.65451180804163,79.65451180804163,9,4,39
2020-09-26,49.041022336755226,38.10077126737038,87.14179360412561,87.14179360412561,9,5,39
2020-09-27,49.99973781987421,38.742976623815046,88.74271444368927,88.74271444368927,9,6,39
2020-09-28,51.03950101819923,40.917827861377255,91.9573288795765,91.9573288795765,9,0,40
2020-09-29,48.56155204261259,38.90753990245464,87.46909194506722,87.46909194506722,9,1,40
2020-09-30,47.071540682780935,35.77070435667922,82.84224503946015,82.84224503946015,9,2,40
2020-10-01,52.580538490250035,38.050733313384576,90.6312718036346,90.6312718036346,10,3,40
2020-10-21,54.822387277056855,37.848994252017164,92.67138152907401,92.67138152907401,10,2,43
2020-10-27,51.67009095281382,37.551329843832434,89.22142079664626,89.22142079664626,10,1,44
2020-10-28,47.899467928163546,32.94547915420476,80.84494708236831,80.84494708236831,10,2,44
2020-10-29,51.29652568765705,33.914837606772494,85.21136329442955,85.21136329442955,10,3,44
2020-10-30,54.12129820015912,34.91020452812059,89.0315027282797,89.0315027282797,10,4,44
2020-11-03,51.28200744765377,37.65535459372717,88.93736204138094,88.93736204138094,11,1,45
2020-11-04,48.97113050709068,34.19667915373207,83.16780966082274,83.16780966082274,11,2,45
2020-11-05,53.84131041193564,36.34584371267346,90.1871541246091,90.1871541246091,11,3,45
2021-01-20,46.80783650172034,41.41174125461069,88.21957775633103,88.21957775633103,1,2,3
2021-01-21,49.82566146530934,41.990136636136484,91.81579810144582,91.81579810144582,1,3,3
2021-01-27,48.33041039841167,41.540433353978706,89.87084375239039,89.87084375239039,1,2,4
2021-05-05,52.713197462154824,37.98912789207661,90.70232535423143,90.70232535423143,5,2,18
2021-05-12,53.9697736782323,39.10606774256496,93.07584142079726,93.07584142079726,5,2,19
2021-08-25,48.90192448114341,36.096021187255765,84.99794566839918,84.99794566839918,8,2,34
2021-08-26,51.68702685725157,36.30437167301337,87.99139853026495,87.99139853026495,8,3,34
2021-08-27,53.73455451724446,36.39794860977877,90.13250312702323,90.13250312702323,8,4,34
2021-08-28,53.87321856784712,39.32694951138286,93.20016807922997,93.20016807922997,8,5,34
2021-08-29,52.39132264290275,37.93808472402428,90.32940736692703,90.32940736692703,8,6,34
2021-08-30,50.949952332570575,38.10746227027387,89.05741460284445,89.05741460284445,8,0,35
2021-08-31,45.969893245090034,34.13704430202858,80.1069375471186,80.1069375471186,8,1,35
2021-09-01,41.97835917285101,29.105033113058905,71.08339228590991,71.08339228590991,9,2,35
2021-09-02,45.00983174385743,29.574135550737534,74.58396729459497,74.58396729459497,9,3,35
2021-09-03,47.30634960159877,29.986066025249876,77.29241562684865,77.29241562684865,9,4,35
2021-09-04,47.69599363823661,33.28570518415496,80.98169882239156,80.98169882239156,9,5,35
2021-09-05,46.46781035231126,32.314208985549534,78.78201933786079,78.78201933786079,9,6,35
2021-09-06,51.91107916582421,37.79554334407736,89.70662250990156,89.70662250990156,9,0,36
2021-09-07,40.57163742628556,29.465608987050278,70.03724641333584,70.03724641333584,9,1,36
2021-09-08,36.859483688471315,24.95768542611728,61.817169114588594,61.817169114588594,9,2,36
2021-09-09,40.18840176641845,25.975846988329494,66.16424875474794,66.16424875474794,9,3,36
2021-09-10,42.80651193613243,26.957001120918363,69.7635130570508,69.7635130570508,9,4,36
2021-09-11,43.54836590900733,30.84158939722976,74.38995530623708,74.38995530623708,9,5,36
2021-09-12,42.70954949879763,30.466704457593785,73.1762539563914,73.1762539563914,9,6,36
2021-09-13,41.95950598507433,31.699111153131934,73.65861713820627,73.65861713820627,9,0,37
2021-09-14,37.72801824361193,28.831797398263877,66.5598156418758,66.5598156418758,9,1,37
2021-09-15,34.55144522513283,24.93441164636611,59.48585687149894,59.48585687149894,9,2,37
2021-09-16,38.473030713780076,26.561536712471607,65.03456742625168,65.03456742625168,9,3,37
2021-09-17,41.74264089818942,28.147162893296624,69.88980379148605,69.88980379148605,9,4,37
2021-09-18,43.19469713496228,32.628781953884896,75.82347908884718,75.82347908884718,9,5,37
2021-09-19,43.12256655924641,32.840402777857676,75.96296933710408,75.96296933710408,9,6,37
2021-09-20,43.19123523015175,34.64547717159868,77.83671240175042,77.83671240175042,9,0,38
2021-09-21,39.823710059462,32.33336735007702,72.15707740953903,72.15707740953903,9,1,38
2021-09-22,37.547251247466335,28.96971767068312,66.51696891814946,66.51696891814946,9,2,38
2021-09-23,42.393757003662856,31.10468539107483,73.49844239473768,73.49844239473768,9,3,38
2021-09-24,46.59965844220614,33.1673976424816,79.76705608468774,79.76705608468774,9,4,38
2021-09-25,48.984089780627315,38.09005943119441,87.07414921182172,87.07414921182172,9,5,38
2021-09-26,49.82359259777196,38.70101555822116,88.52460815599312,88.52460815599312,9,6,38
2021-09-27,50.765172336261955,40.85775577310415,91.62292810936611,91.62292810936611,9,0,39
2021-09-28,48.21314431811844,38.843494175412125,87.05663849353056,87.05663849353056,9,1,39
2021-09-29,46.6758597481367,35.717683548649276,82.39354329678598,82.39354329678598,9,2,39
2021-09-30,52.166620248090915,38.02441617422865,90.19103642231957,90.19103642231957,9,3,39
2021-10-27,50.37555036418938,34.749985998175106,85.12553636236449,85.12553636236449,10,2,43
2021-10-28,53.550645166369314,35.55274150739426,89.10338667376357,89.10338667376357,10,3,43
2021-10-29,56.12986712355854,36.36243333616626,92.4923004597248,92.4923004597248,10,4,43
2021-11-02,52.20274429965542,38.2527877966821,90.45553209633752,90.45553209633752,11,1,44
2021-11-03,49.62909846858639,34.575179427767786,84.20427789635417,84.20427789635417,11,2,44
2021-11-04,54.25461240608121,36.51311842714651,90.76773083322772,90.76773083322772,11,3,44
2022-01-26,48.52681781889928,41.912155163266476,90.43897298216575,90.43897298216575,1,2,4
2022-08-24,51.93527475706653,38.66038832457887,90.5956630816454,90.5956630816454,8,2,34
2022-08-30,48.746644581795195,36.53101642109978,85.27766100289497,85.27766100289497,8,1,35
2022-08-31,44.71054888582431,31.431893034112797,76.14244191993711,76.14244191993711,8,2,35
2022-09-01,47.69751360802384,31.8253870471431,79.52290065516694,79.52290065516694,9,3,35
2022-09-02,49.94920559358502,32.154271288179565,82.10347688176458,82.10347688176458,9,4,35
2022-09-03,50.293083583535996,35.36446961387645,85.65755319741245,85.65755319741245,9,5,35
2022-09-04,49.01734703628162,34.29814317675702,83.31549021303864,83.31549021303864,9,6,35
2022-09-06,43.01641986505824,31.247442435657902,74.26386230071614,74.26386230071614,9,1,36
2022-09-07,39.244618777855635,26.63393329776752,65.87855207562316,65.87855207562316,9,2,36
2022-09-08,42.5073241631899,27.544480919801046,70.05180508299094,70.05180508299094,9,3,36
2022-09-09,45.05139703984857,28.41664585639657,73.46804289624514,73.46804289624514,9,4,36
2022-09-10,45.71023393524854,32.19145759214845,77.90169152739699,77.90169152739699,9,5,36
2022-09-11,44.77843681039555,31.70654439289461,76.48498120329016,76.48498120329016,9,6,36
2022-09-12,43.92470114167064,32.8291708091637,76.75387195083434,76.75387195083434,9,0,37
2022-09-13,39.578357790065354,29.852807363097966,69.43116515316332,69.43116515316332,9,1,37
2022-09-14,36.2756618873652,25.84758824528426,62.12325013264946,62.12325013264946,9,2,37
2022-09-15,40.06014448741439,27.36860558518348,67.42875007259786,67.42875007259786,9,3,37
2022-09-16,43.1823815771908,28.850402057413547,72.03278363460436,72.03278363460436,9,4,37
2022-09-17,44.47794520450008,33.23108222297878,77.70902742747886,77.70902742747886,9,5,37
2022-09-18,44.24179813254763,33.345342297083086,77.58714042963072,77.58714042963072,9,6,37
2022-09-19,44.1409558927591,35.057405836007206,79.19836172876632,79.19836172876632,9,0,38
2022-09-20,40.60086213666632,32.65749602271546,73.25835815938179,73.25835815938179,9,1,38
2022-09-21,38.15157915615022,29.212206455558945,67.36378561170916,67.36378561170916,9,2,38
2022-09-22,42.82811599782829,31.272724769678025,74.10084076750631,74.10084076750631,9,3,38
2022-09-23,46.870253208085494,33.26927607663991,80.1395292847254,80.1395292847254,9,4,38
2022-09-24,49.10063095870099,38.13521108336194,87.23584204206293,87.23584204206293,9,5,38
2022-09-25,49.79936137114039,38.70004209098672,88.4994034621271,88.4994034621271,9,6,38
2022-09-26,50.61698567312733,40.82241675900077,91.4394024321281,91.4394024321281,9,0,39
2022-09-27,47.96121622819923,38.786661465486254,86.74787769368548,86.74787769368548,9,1,39
2022-09-28,46.343556930625695,35.65325599289947,81.99681292352517,81.99681292352517,9,2,39
2022-09-29,51.78011368590266,37.96719232933257,89.74730601523524,89.74730601523524,9,3,39
2022-10-26,53.08769801343778,36.7313048620517,89.81900287548947,89.81900287548947,10,2,43
2022-10-27,56.07787732364676,37.39554663492208,93.47342395856884,93.47342395856884,10,3,43
2022-11-01,53.466502859208276,39.127141002169324,92.5936438613776,92.5936438613776,11,1,44
2022-11-02,50.61752478126815,35.227965918497624,85.84549069976578,85.84549069976578,11,2,44
2022-11-03,54.97684950962024,36.94582389991328,91.92267340953352,91.92267340953352,11,3,44
